step,model,test_mse
100,relu,2.746763229370117
100,tanh,2.973104476928711
200,relu,3.320427894592285
200,tanh,3.559657335281372
400,relu,3.0359978675842285
400,tanh,3.029383420944214
800,relu,2.8974578380584717
800,tanh,2.8804972171783447
1600,relu,2.732116460800171
1600,tanh,2.713998556137085
3200,relu,2.8743655681610107
3200,tanh,2.8750686645507812
6400,relu,2.848017930984497
6400,tanh,2.847074270248413
12800,relu,2.7440853118896484
12800,tanh,2.7530033588409424
25600,relu,2.723907470703125
25600,tanh,2.718024253845215
51200,relu,2.64318585395813
51200,tanh,2.6444461345672607
