step,model,blew_up,mean_diff,var_diff,max_abs_val
100,relu,False,-0.007081220153692502,0.13827847242448144,14.623538970947266
100,tanh,False,-0.022993189960062832,0.8847653984674864,15.392650604248047
200,relu,False,0.0011359916646411783,0.03550651801327476,14.688335418701172
200,tanh,False,-0.0055830345379419555,-0.28339124851211395,14.527782440185547
400,relu,False,-0.012165584811178132,0.6550348826167749,14.911154747009277
400,tanh,False,-0.02433599433543332,0.3178379670344853,15.058048248291016
800,relu,False,-0.03281240923544804,0.3828247990863609,14.888875961303711
800,tanh,False,-0.033378310059896776,-0.025621807221554604,14.602331161499023
1600,relu,False,-0.022032996555505946,-0.014759662915508898,14.515677452087402
1600,tanh,False,-0.025410951033390194,-0.15232114264317786,14.557657241821289
3200,relu,False,-0.007525349416662497,0.16649989750765926,14.628460884094238
3200,tanh,False,-0.005845175617252618,0.16783039649205378,14.61318302154541
6400,relu,False,-0.01600857849967996,0.15737774611887545,14.703668594360352
6400,tanh,False,-0.022434303329613936,-0.0503022318133759,14.55079174041748
12800,relu,False,-0.029335014696824313,0.11264779948029968,14.861126899719238
12800,tanh,False,-0.01675857400284908,-0.06627490662542002,14.660477638244629
25600,relu,False,-0.016928693602903166,-0.13657989196563136,14.428109169006348
25600,tanh,False,-0.02191069511871735,0.053565123293022765,14.724785804748535
51200,relu,False,-0.009802500496889355,0.036369188080595194,14.729195594787598
51200,tanh,False,-0.010634970593372817,0.0531404827893347,14.768494606018066
