step,model,test_mse,blew_up,mean_diff,var_diff,max_abs_val
100,relu,2.746763229370117,False,-0.0070812201536925,0.1382784724244814,14.623538970947266
100,tanh,2.973104476928711,False,-0.0229931899600628,0.8847653984674864,15.392650604248049
200,relu,3.320427894592285,False,0.0011359916646411,0.0355065180132747,14.688335418701172
200,tanh,3.559657335281372,False,-0.0055830345379419,-0.2833912485121139,14.527782440185549
400,relu,3.0359978675842285,False,-0.0121655848111781,0.6550348826167749,14.911154747009276
400,tanh,3.029383420944214,False,-0.0243359943354333,0.3178379670344853,15.058048248291016
800,relu,2.897457838058472,False,-0.032812409235448,0.3828247990863609,14.888875961303713
800,tanh,2.8804972171783447,False,-0.0333783100598967,-0.0256218072215546,14.602331161499023
1600,relu,2.732116460800171,False,-0.0220329965555059,-0.0147596629155088,14.515677452087402
1600,tanh,2.713998556137085,False,-0.0254109510333901,-0.1523211426431778,14.557657241821287
3200,relu,2.8743655681610107,False,-0.0075253494166624,0.1664998975076592,14.628460884094238
3200,tanh,2.875068664550781,False,-0.0058451756172526,0.1678303964920537,14.61318302154541
6400,relu,2.848017930984497,False,-0.0160085784996799,0.1573777461188754,14.703668594360352
6400,tanh,2.847074270248413,False,-0.0224343033296139,-0.0503022318133759,14.55079174041748
12800,relu,2.7440853118896484,False,-0.0293350146968243,0.1126477994802996,14.861126899719238
12800,tanh,2.7530033588409424,False,-0.016758574002849,-0.06627490662542,14.660477638244627
25600,relu,2.723907470703125,False,-0.0169286936029031,-0.1365798919656313,14.428109169006348
25600,tanh,2.718024253845215,False,-0.0219106951187173,0.0535651232930227,14.724785804748535
51200,relu,2.64318585395813,False,-0.0098025004968893,0.0363691880805951,14.729195594787598
51200,tanh,2.6444461345672607,False,-0.0106349705933728,0.0531404827893347,14.768494606018066
